{"inputs":[["0010000000000000000000000000000000000000000000000000000000000000","9a09000000000000000000000000000000000000000000000000000000000000","6606000000000000000000000000000000000000000000000000000000000000","cd0c000000000000000000000000000000000000000000000000000000000000","0010000000000000000000000000000000000000000000000000000000000000","3313000000000000000000000000000000000000000000000000000000000000","9a09000000000000000000000000000000000000000000000000000000000000","9a19000000000000000000000000000000000000000000000000000000000000","3303000000000000000000000000000000000000000000000000000000000000","cd0c000000000000000000000000000000000000000000000000000000000000"]],"pretty_elements":{"rescaled_inputs":[["0.5","0.300048828125","0.199951171875","0.4000244140625","0.5","0.5999755859375","0.300048828125","0.800048828125","0.0999755859375","0.4000244140625"]],"inputs":[["0x0000000000000000000000000000000000000000000000000000000000001000","0x000000000000000000000000000000000000000000000000000000000000099a","0x0000000000000000000000000000000000000000000000000000000000000666","0x0000000000000000000000000000000000000000000000000000000000000ccd","0x0000000000000000000000000000000000000000000000000000000000001000","0x0000000000000000000000000000000000000000000000000000000000001333","0x000000000000000000000000000000000000000000000000000000000000099a","0x000000000000000000000000000000000000000000000000000000000000199a","0x0000000000000000000000000000000000000000000000000000000000000333","0x0000000000000000000000000000000000000000000000000000000000000ccd"]],"processed_inputs":[],"processed_params":[],"processed_outputs":[],"rescaled_outputs":[["0.6435005813837051"]],"outputs":[["0x000000000000000000000000000000000000000000000000000000000292f1d1"]]},"outputs":[["d1f1920200000000000000000000000000000000000000000000000000000000"]],"processed_inputs":null,"processed_params":null,"processed_outputs":null,"max_lookup_inputs":0,"min_lookup_inputs":0,"max_range_size":16383,"version":"23.0.3"}