{"inputs":[["3303000000000000000000000000000000000000000000000000000000000000","3303000000000000000000000000000000000000000000000000000000000000","3303000000000000000000000000000000000000000000000000000000000000","3303000000000000000000000000000000000000000000000000000000000000","3303000000000000000000000000000000000000000000000000000000000000","3303000000000000000000000000000000000000000000000000000000000000","3303000000000000000000000000000000000000000000000000000000000000","3303000000000000000000000000000000000000000000000000000000000000","3303000000000000000000000000000000000000000000000000000000000000","3303000000000000000000000000000000000000000000000000000000000000"]],"pretty_elements":{"rescaled_inputs":[["0.0999755859375","0.0999755859375","0.0999755859375","0.0999755859375","0.0999755859375","0.0999755859375","0.0999755859375","0.0999755859375","0.0999755859375","0.0999755859375"]],"inputs":[["0x0000000000000000000000000000000000000000000000000000000000000333","0x0000000000000000000000000000000000000000000000000000000000000333","0x0000000000000000000000000000000000000000000000000000000000000333","0x0000000000000000000000000000000000000000000000000000000000000333","0x0000000000000000000000000000000000000000000000000000000000000333","0x0000000000000000000000000000000000000000000000000000000000000333","0x0000000000000000000000000000000000000000000000000000000000000333","0x0000000000000000000000000000000000000000000000000000000000000333","0x0000000000000000000000000000000000000000000000000000000000000333","0x0000000000000000000000000000000000000000000000000000000000000333"]],"processed_inputs":[],"processed_params":[],"processed_outputs":[],"rescaled_outputs":[["-0.08737090229988098"]],"outputs":[["0x30644e72e131a029b85045b68181585d2833e84879b9709143e1f593efa6883f"]]},"outputs":[["3f88a6ef93f5e1439170b97948e833285d588181b64550b829a031e1724e6430"]],"processed_inputs":null,"processed_params":null,"processed_outputs":null,"max_lookup_inputs":0,"min_lookup_inputs":0,"max_range_size":0}